<?xml version="1.0" encoding="UTF-8" ?>
<!DOCTYPE mapper PUBLIC "-//mybatis.org//DTD Mapper 3.0//EN" "http://mybatis.org/dtd/mybatis-3-mapper.dtd" >
<mapper namespace="com.zhaopin.offer.weixin.dao.EnterpriseMpUserInfoMapper" >
  <resultMap id="BaseResultMap" type="com.zhaopin.offer.weixin.entity.EnterpriseMpUserInfo" >
    <id column="id" property="id" jdbcType="VARCHAR" />
    <result column="open_id" property="openId" jdbcType="VARCHAR" />
    <result column="authorizer_app_id" property="authorizerAppId" jdbcType="VARCHAR" />
    <result column="nickname" property="nickname" jdbcType="VARCHAR" />
    <result column="city" property="city" jdbcType="VARCHAR" />
    <result column="subscribe" property="subscribe" jdbcType="INTEGER" />
    <result column="sex" property="sex" jdbcType="INTEGER" />
    <result column="country" property="country" jdbcType="VARCHAR" />
    <result column="province" property="province" jdbcType="VARCHAR" />
    <result column="language" property="language" jdbcType="VARCHAR" />
    <result column="headimgurl" property="headimgurl" jdbcType="VARCHAR" />
    <result column="subscribe_time" property="subscribeTime" jdbcType="VARCHAR" />
    <result column="unionid" property="unionid" jdbcType="VARCHAR" />
    <result column="remark" property="remark" jdbcType="VARCHAR" />
    <result column="groupid" property="groupid" jdbcType="VARCHAR" />
    <result column="tagid_list" property="tagidList" jdbcType="VARCHAR" />
    <result column="subscribe_scene" property="subscribeScene" jdbcType="VARCHAR" />
    <result column="create_time" property="createTime" jdbcType="TIMESTAMP" />
    <result column="update_time" property="updateTime" jdbcType="TIMESTAMP" />
    <result column="enabled" property="enabled" jdbcType="SMALLINT" />
    <result column="version" property="version" jdbcType="VARCHAR" />
  </resultMap>
  <sql id="Base_Column_List" >
    id, open_id, authorizer_app_id, nickname, city, subscribe, sex, country, province, 
    language, headimgurl, subscribe_time, unionid, remark, groupid, tagid_list, subscribe_scene, 
    create_time, update_time, enabled, version
  </sql>
  <select id="selectByPrimaryKey" resultMap="BaseResultMap" parameterType="java.lang.String" >
    select 
    <include refid="Base_Column_List" />
    from enterprise_mp_user_info
    where id = #{id,jdbcType=VARCHAR}
  </select>
  <delete id="deleteByPrimaryKey" parameterType="java.lang.String" >
    delete from enterprise_mp_user_info
    where id = #{id,jdbcType=VARCHAR}
  </delete>
  <insert id="insert" parameterType="com.zhaopin.offer.weixin.entity.EnterpriseMpUserInfo" >
    insert into enterprise_mp_user_info (id, open_id, authorizer_app_id, 
      nickname, city, subscribe, 
      sex, country, province, 
      language, headimgurl, subscribe_time, 
      unionid, remark, groupid, 
      tagid_list, subscribe_scene, create_time, 
      update_time, enabled, version
      )
    values (#{id,jdbcType=VARCHAR}, #{openId,jdbcType=VARCHAR}, #{authorizerAppId,jdbcType=VARCHAR}, 
      #{nickname,jdbcType=VARCHAR}, #{city,jdbcType=VARCHAR}, #{subscribe,jdbcType=INTEGER}, 
      #{sex,jdbcType=INTEGER}, #{country,jdbcType=VARCHAR}, #{province,jdbcType=VARCHAR}, 
      #{language,jdbcType=VARCHAR}, #{headimgurl,jdbcType=VARCHAR}, #{subscribeTime,jdbcType=VARCHAR}, 
      #{unionid,jdbcType=VARCHAR}, #{remark,jdbcType=VARCHAR}, #{groupid,jdbcType=VARCHAR}, 
      #{tagidList,jdbcType=VARCHAR}, #{subscribeScene,jdbcType=VARCHAR}, #{createTime,jdbcType=TIMESTAMP}, 
      #{updateTime,jdbcType=TIMESTAMP}, #{enabled,jdbcType=SMALLINT}, #{version,jdbcType=VARCHAR}
      )
  </insert>
  <insert id="insertSelective" parameterType="com.zhaopin.offer.weixin.entity.EnterpriseMpUserInfo" >
    insert into enterprise_mp_user_info
    <trim prefix="(" suffix=")" suffixOverrides="," >
      <if test="id != null" >
        id,
      </if>
      <if test="openId != null" >
        open_id,
      </if>
      <if test="authorizerAppId != null" >
        authorizer_app_id,
      </if>
      <if test="nickname != null" >
        nickname,
      </if>
      <if test="city != null" >
        city,
      </if>
      <if test="subscribe != null" >
        subscribe,
      </if>
      <if test="sex != null" >
        sex,
      </if>
      <if test="country != null" >
        country,
      </if>
      <if test="province != null" >
        province,
      </if>
      <if test="language != null" >
        language,
      </if>
      <if test="headimgurl != null" >
        headimgurl,
      </if>
      <if test="subscribeTime != null" >
        subscribe_time,
      </if>
      <if test="unionid != null" >
        unionid,
      </if>
      <if test="remark != null" >
        remark,
      </if>
      <if test="groupid != null" >
        groupid,
      </if>
      <if test="tagidList != null" >
        tagid_list,
      </if>
      <if test="subscribeScene != null" >
        subscribe_scene,
      </if>
      <if test="createTime != null" >
        create_time,
      </if>
      <if test="updateTime != null" >
        update_time,
      </if>
      <if test="enabled != null" >
        enabled,
      </if>
      <if test="version != null" >
        version,
      </if>
    </trim>
    <trim prefix="values (" suffix=")" suffixOverrides="," >
      <if test="id != null" >
        #{id,jdbcType=VARCHAR},
      </if>
      <if test="openId != null" >
        #{openId,jdbcType=VARCHAR},
      </if>
      <if test="authorizerAppId != null" >
        #{authorizerAppId,jdbcType=VARCHAR},
      </if>
      <if test="nickname != null" >
        #{nickname,jdbcType=VARCHAR},
      </if>
      <if test="city != null" >
        #{city,jdbcType=VARCHAR},
      </if>
      <if test="subscribe != null" >
        #{subscribe,jdbcType=INTEGER},
      </if>
      <if test="sex != null" >
        #{sex,jdbcType=INTEGER},
      </if>
      <if test="country != null" >
        #{country,jdbcType=VARCHAR},
      </if>
      <if test="province != null" >
        #{province,jdbcType=VARCHAR},
      </if>
      <if test="language != null" >
        #{language,jdbcType=VARCHAR},
      </if>
      <if test="headimgurl != null" >
        #{headimgurl,jdbcType=VARCHAR},
      </if>
      <if test="subscribeTime != null" >
        #{subscribeTime,jdbcType=VARCHAR},
      </if>
      <if test="unionid != null" >
        #{unionid,jdbcType=VARCHAR},
      </if>
      <if test="remark != null" >
        #{remark,jdbcType=VARCHAR},
      </if>
      <if test="groupid != null" >
        #{groupid,jdbcType=VARCHAR},
      </if>
      <if test="tagidList != null" >
        #{tagidList,jdbcType=VARCHAR},
      </if>
      <if test="subscribeScene != null" >
        #{subscribeScene,jdbcType=VARCHAR},
      </if>
      <if test="createTime != null" >
        #{createTime,jdbcType=TIMESTAMP},
      </if>
      <if test="updateTime != null" >
        #{updateTime,jdbcType=TIMESTAMP},
      </if>
      <if test="enabled != null" >
        #{enabled,jdbcType=SMALLINT},
      </if>
      <if test="version != null" >
        #{version,jdbcType=VARCHAR},
      </if>
    </trim>
  </insert>
  <update id="updateByPrimaryKeySelective" parameterType="com.zhaopin.offer.weixin.entity.EnterpriseMpUserInfo" >
    update enterprise_mp_user_info
    <set >
      <if test="openId != null" >
        open_id = #{openId,jdbcType=VARCHAR},
      </if>
      <if test="authorizerAppId != null" >
        authorizer_app_id = #{authorizerAppId,jdbcType=VARCHAR},
      </if>
      <if test="nickname != null" >
        nickname = #{nickname,jdbcType=VARCHAR},
      </if>
      <if test="city != null" >
        city = #{city,jdbcType=VARCHAR},
      </if>
      <if test="subscribe != null" >
        subscribe = #{subscribe,jdbcType=INTEGER},
      </if>
      <if test="sex != null" >
        sex = #{sex,jdbcType=INTEGER},
      </if>
      <if test="country != null" >
        country = #{country,jdbcType=VARCHAR},
      </if>
      <if test="province != null" >
        province = #{province,jdbcType=VARCHAR},
      </if>
      <if test="language != null" >
        language = #{language,jdbcType=VARCHAR},
      </if>
      <if test="headimgurl != null" >
        headimgurl = #{headimgurl,jdbcType=VARCHAR},
      </if>
      <if test="subscribeTime != null" >
        subscribe_time = #{subscribeTime,jdbcType=VARCHAR},
      </if>
      <if test="unionid != null" >
        unionid = #{unionid,jdbcType=VARCHAR},
      </if>
      <if test="remark != null" >
        remark = #{remark,jdbcType=VARCHAR},
      </if>
      <if test="groupid != null" >
        groupid = #{groupid,jdbcType=VARCHAR},
      </if>
      <if test="tagidList != null" >
        tagid_list = #{tagidList,jdbcType=VARCHAR},
      </if>
      <if test="subscribeScene != null" >
        subscribe_scene = #{subscribeScene,jdbcType=VARCHAR},
      </if>
      <if test="createTime != null" >
        create_time = #{createTime,jdbcType=TIMESTAMP},
      </if>
      <if test="updateTime != null" >
        update_time = #{updateTime,jdbcType=TIMESTAMP},
      </if>
      <if test="enabled != null" >
        enabled = #{enabled,jdbcType=SMALLINT},
      </if>
      <if test="version != null" >
        version = #{version,jdbcType=VARCHAR},
      </if>
    </set>
    where id = #{id,jdbcType=VARCHAR}
  </update>
  <update id="updateByPrimaryKey" parameterType="com.zhaopin.offer.weixin.entity.EnterpriseMpUserInfo" >
    update enterprise_mp_user_info
    set open_id = #{openId,jdbcType=VARCHAR},
      authorizer_app_id = #{authorizerAppId,jdbcType=VARCHAR},
      nickname = #{nickname,jdbcType=VARCHAR},
      city = #{city,jdbcType=VARCHAR},
      subscribe = #{subscribe,jdbcType=INTEGER},
      sex = #{sex,jdbcType=INTEGER},
      country = #{country,jdbcType=VARCHAR},
      province = #{province,jdbcType=VARCHAR},
      language = #{language,jdbcType=VARCHAR},
      headimgurl = #{headimgurl,jdbcType=VARCHAR},
      subscribe_time = #{subscribeTime,jdbcType=VARCHAR},
      unionid = #{unionid,jdbcType=VARCHAR},
      remark = #{remark,jdbcType=VARCHAR},
      groupid = #{groupid,jdbcType=VARCHAR},
      tagid_list = #{tagidList,jdbcType=VARCHAR},
      subscribe_scene = #{subscribeScene,jdbcType=VARCHAR},
      create_time = #{createTime,jdbcType=TIMESTAMP},
      update_time = #{updateTime,jdbcType=TIMESTAMP},
      enabled = #{enabled,jdbcType=SMALLINT},
      version = #{version,jdbcType=VARCHAR}
    where id = #{id,jdbcType=VARCHAR}
  </update>
</mapper>