<?xml version="1.0" encoding="UTF-8" ?>
<!DOCTYPE mapper PUBLIC "-//mybatis.org//DTD Mapper 3.0//EN" "http://mybatis.org/dtd/mybatis-3-mapper.dtd" >
<mapper namespace="com.fly.fankun.mapper.PersonJoinForumMapper" >
  <resultMap id="BaseResultMap" type="com.fly.fankun.model.entity.PersonJoinForum" >
    <!--
      WARNING - @mbggenerated
      This element is automatically generated by MyBatis Generator, do not modify.
      This element was generated on Thu Oct 17 19:46:00 CST 2019.
    -->
    <id column="id" property="id" jdbcType="INTEGER" />
    <result column="exam_type_id" property="examTypeId" jdbcType="INTEGER" />
    <result column="ad_type" property="adType" jdbcType="INTEGER" />
    <result column="ad_title" property="adTitle" jdbcType="VARCHAR" />
    <result column="ad_picture" property="adPicture" jdbcType="VARCHAR" />
    <result column="ad_comment" property="adComment" jdbcType="VARCHAR" />
    <result column="creater_admin_id" property="createrAdminId" jdbcType="INTEGER" />
    <result column="status" property="status" jdbcType="INTEGER" />
    <result column="createtime" property="createtime" jdbcType="TIMESTAMP" />
    <result column="updatetime" property="updatetime" jdbcType="TIMESTAMP" />
    <result column="deleted" property="deleted" jdbcType="INTEGER" />
  </resultMap>
  <sql id="Base_Column_List" >
    <!--
      WARNING - @mbggenerated
      This element is automatically generated by MyBatis Generator, do not modify.
      This element was generated on Thu Oct 17 19:46:00 CST 2019.
    -->
    id, exam_type_id, ad_type, ad_title, ad_picture, ad_comment, creater_admin_id, status, 
    createtime, updatetime, deleted
  </sql>
  <select id="selectByPrimaryKey" resultMap="BaseResultMap" parameterType="java.lang.Integer" >
    <!--
      WARNING - @mbggenerated
      This element is automatically generated by MyBatis Generator, do not modify.
      This element was generated on Thu Oct 17 19:46:00 CST 2019.
    -->
    select 
    <include refid="Base_Column_List" />
    from advertisement
    where id = #{id,jdbcType=INTEGER}
  </select>
  <delete id="deleteByPrimaryKey" parameterType="java.lang.Integer" >
    <!--
      WARNING - @mbggenerated
      This element is automatically generated by MyBatis Generator, do not modify.
      This element was generated on Thu Oct 17 19:46:00 CST 2019.
    -->
    delete from advertisement
    where id = #{id,jdbcType=INTEGER}
  </delete>
  <insert id="insert" parameterType="com.fly.fankun.model.entity.PersonJoinForum" >
    <!--
      WARNING - @mbggenerated
      This element is automatically generated by MyBatis Generator, do not modify.
      This element was generated on Thu Oct 17 19:46:00 CST 2019.
    -->
    insert into advertisement (id, exam_type_id, ad_type, 
      ad_title, ad_picture, ad_comment, 
      creater_admin_id, status, createtime, 
      updatetime, deleted)
    values (#{id,jdbcType=INTEGER}, #{examTypeId,jdbcType=INTEGER}, #{adType,jdbcType=INTEGER}, 
      #{adTitle,jdbcType=VARCHAR}, #{adPicture,jdbcType=VARCHAR}, #{adComment,jdbcType=VARCHAR}, 
      #{createrAdminId,jdbcType=INTEGER}, #{status,jdbcType=INTEGER}, #{createtime,jdbcType=TIMESTAMP}, 
      #{updatetime,jdbcType=TIMESTAMP}, #{deleted,jdbcType=INTEGER})
  </insert>
  <insert id="insertSelective" parameterType="com.fly.fankun.model.entity.PersonJoinForum" >
    <!--
      WARNING - @mbggenerated
      This element is automatically generated by MyBatis Generator, do not modify.
      This element was generated on Thu Oct 17 19:46:00 CST 2019.
    -->
    insert into advertisement
    <trim prefix="(" suffix=")" suffixOverrides="," >
      <if test="id != null" >
        id,
      </if>
      <if test="examTypeId != null" >
        exam_type_id,
      </if>
      <if test="adType != null" >
        ad_type,
      </if>
      <if test="adTitle != null" >
        ad_title,
      </if>
      <if test="adPicture != null" >
        ad_picture,
      </if>
      <if test="adComment != null" >
        ad_comment,
      </if>
      <if test="createrAdminId != null" >
        creater_admin_id,
      </if>
      <if test="status != null" >
        status,
      </if>
      <if test="createtime != null" >
        createtime,
      </if>
      <if test="updatetime != null" >
        updatetime,
      </if>
      <if test="deleted != null" >
        deleted,
      </if>
    </trim>
    <trim prefix="values (" suffix=")" suffixOverrides="," >
      <if test="id != null" >
        #{id,jdbcType=INTEGER},
      </if>
      <if test="examTypeId != null" >
        #{examTypeId,jdbcType=INTEGER},
      </if>
      <if test="adType != null" >
        #{adType,jdbcType=INTEGER},
      </if>
      <if test="adTitle != null" >
        #{adTitle,jdbcType=VARCHAR},
      </if>
      <if test="adPicture != null" >
        #{adPicture,jdbcType=VARCHAR},
      </if>
      <if test="adComment != null" >
        #{adComment,jdbcType=VARCHAR},
      </if>
      <if test="createrAdminId != null" >
        #{createrAdminId,jdbcType=INTEGER},
      </if>
      <if test="status != null" >
        #{status,jdbcType=INTEGER},
      </if>
      <if test="createtime != null" >
        #{createtime,jdbcType=TIMESTAMP},
      </if>
      <if test="updatetime != null" >
        #{updatetime,jdbcType=TIMESTAMP},
      </if>
      <if test="deleted != null" >
        #{deleted,jdbcType=INTEGER},
      </if>
    </trim>
  </insert>
  <update id="updateByPrimaryKeySelective" parameterType="com.fly.fankun.model.entity.PersonJoinForum" >
    <!--
      WARNING - @mbggenerated
      This element is automatically generated by MyBatis Generator, do not modify.
      This element was generated on Thu Oct 17 19:46:00 CST 2019.
    -->
    update advertisement
    <set >
      <if test="examTypeId != null" >
        exam_type_id = #{examTypeId,jdbcType=INTEGER},
      </if>
      <if test="adType != null" >
        ad_type = #{adType,jdbcType=INTEGER},
      </if>
      <if test="adTitle != null" >
        ad_title = #{adTitle,jdbcType=VARCHAR},
      </if>
      <if test="adPicture != null" >
        ad_picture = #{adPicture,jdbcType=VARCHAR},
      </if>
      <if test="adComment != null" >
        ad_comment = #{adComment,jdbcType=VARCHAR},
      </if>
      <if test="createrAdminId != null" >
        creater_admin_id = #{createrAdminId,jdbcType=INTEGER},
      </if>
      <if test="status != null" >
        status = #{status,jdbcType=INTEGER},
      </if>
      <if test="createtime != null" >
        createtime = #{createtime,jdbcType=TIMESTAMP},
      </if>
      <if test="updatetime != null" >
        updatetime = #{updatetime,jdbcType=TIMESTAMP},
      </if>
      <if test="deleted != null" >
        deleted = #{deleted,jdbcType=INTEGER},
      </if>
    </set>
    where id = #{id,jdbcType=INTEGER}
  </update>
  <update id="updateByPrimaryKey" parameterType="com.fly.fankun.model.entity.PersonJoinForum" >
    <!--
      WARNING - @mbggenerated
      This element is automatically generated by MyBatis Generator, do not modify.
      This element was generated on Thu Oct 17 19:46:00 CST 2019.
    -->
    update advertisement
    set exam_type_id = #{examTypeId,jdbcType=INTEGER},
      ad_type = #{adType,jdbcType=INTEGER},
      ad_title = #{adTitle,jdbcType=VARCHAR},
      ad_picture = #{adPicture,jdbcType=VARCHAR},
      ad_comment = #{adComment,jdbcType=VARCHAR},
      creater_admin_id = #{createrAdminId,jdbcType=INTEGER},
      status = #{status,jdbcType=INTEGER},
      createtime = #{createtime,jdbcType=TIMESTAMP},
      updatetime = #{updatetime,jdbcType=TIMESTAMP},
      deleted = #{deleted,jdbcType=INTEGER}
    where id = #{id,jdbcType=INTEGER}
  </update>
</mapper>