<?xml version="1.0" encoding="UTF-8"?>
<!DOCTYPE generatorConfiguration PUBLIC "-//mybatis.org//DTD MyBatis Generator Configuration 1.0//EN" "http://mybatis.org/dtd/mybatis-generator-config_1_0.dtd">
<generatorConfiguration>
   <!-- 数据库驱动包位置 -->  
  <classPathEntry  
        location="D:\pgsqlentity\postgresql.jar" />  
  <context id="context1">
    <commentGenerator>  
        <!-- 是否去除自动生成的注释 true：是 ： false:否 -->  
        <property name="suppressAllComments" value="true"/>  
    </commentGenerator>
    <!-- 数据库链接URL、用户名、密码 --> 
    <jdbcConnection connectionURL="jdbc:postgresql://192.168.41.79:5432/postgres" driverClass="org.postgresql.Driver" password="zhaopin520" userId="postgres" />
    <!-- 生成模型的包名和位置 --> 
    <javaModelGenerator targetPackage="com.zhaopin.ka.crm.entity" targetProject="D:\pgsqlentity\src" />
     <!-- 生成的映射文件报名和位置 -->
    <sqlMapGenerator targetPackage="mybatis.mapper" targetProject="D:\pgsqlentity\src" />
    <!-- 生成DAO的包名和位置 --> 
    <javaClientGenerator targetPackage="com.zhaopin.ka.crm.dao" targetProject="D:\pgsqlentity\src" type="XMLMAPPER" />
    <!-- <table tableName="users" domainObjectName ="Users" enableCountByExample="false" enableUpdateByExample="false"  
            enableDeleteByExample="false" enableSelectByExample="false" selectByExampleQueryId="false">
    </table> -->
    
    <table tableName="t_email_head_templete" domainObjectName ="EmailHeadTemplete" enableCountByExample="false" enableUpdateByExample="false"  
            enableDeleteByExample="false" enableSelectByExample="false" selectByExampleQueryId="false">
    </table>
    
  </context>
</generatorConfiguration>