<?xml version="1.0" encoding="UTF-8"?><!DOCTYPE generatorConfiguration
    PUBLIC "-//mybatis.org//DTD MyBatis Generator Configuration 1.0//EN"
    "http://mybatis.org/dtd/mybatis-generator-config_1_0.dtd">
<generatorConfiguration>
  <!--数据库驱动-->
  <classPathEntry location="D:\pgsqlentity\postgresql.jar"/>
  <context id="DB2Tables" targetRuntime="MyBatis3">
    <commentGenerator>
      <property name="suppressDate" value="true"/>
      <!-- 是否去除自动生成的注释 -->
      <property name="suppressAllComments" value="true"/>
    </commentGenerator>
    <!--数据库链接地址账号密码-->
    <jdbcConnection connectionURL="jdbc:postgresql://192.168.41.79:5432/offer" driverClass="org.postgresql.Driver" password="zhaopin520" userId="postgres" />
    <javaTypeResolver>
      <property name="forceBigDecimals" value="false"/>
      <property name="useJSR310Types" value="true"/>
    </javaTypeResolver>
    <!--生成Model类存放位置-->
    <javaModelGenerator targetPackage="com.fk.weixinthird.weixin" targetProject="./src/main/java">
      <property name="enableSubPackages" value="true"/>
      <property name="trimStrings" value="true"/>
    </javaModelGenerator>
    <!--生成映射文件存放位置-->
    <sqlMapGenerator targetPackage="mapper.outweb" targetProject="./src/main/resources">
      <property name="enableSubPackages" value="true"/>
    </sqlMapGenerator>
    <!--生成Dao类存放位置-->
    <javaClientGenerator type="XMLMAPPER" targetPackage="com.fk.weixinthird.dao" targetProject="./src/main/java">
      <property name="enableSubPackages" value="true"/>
    </javaClientGenerator>
    <!--对应的数据库表及model中生成的类名-->
    <table tableName="sys_component_verify_tickets" domainObjectName="SysComponentVerifyTickets" enableCountByExample="false" enableUpdateByExample="false"
        enableDeleteByExample="false" enableSelectByExample="false" selectByExampleQueryId="false"></table>
  </context>
</generatorConfiguration>